[
  {
    "name": "========= CPU =========",
    "state": "filler"
  },
  {
    "name": "",
    "state": "filler"
  },
  {
    "name": "UV Level",
    "offset": "12"
  },
  {
    "name": "Low Freq Vmin",
    "offset": "16",
    "ref": "/switch/.packages/SC Wizard/Configure/CPU/json/eristaCpuMinVolt.json"
  },
  {
    "name": "Volt Limit",
    "offset": "20",
    "extent": " mV"
  },
  {
    "name": "Boost Clock",
    "offset": "8",
    "extent": " MHz"
  },
  {
    "name": "Max Freq",
    "offset": "264",
    "ref": "/switch/.packages/SC Wizard/Configure/CPU/json/eristaCpuMaxFreq.json"
  },
  {
    "name": "",
    "state": "filler"
  },
  {
    "name": "========= GPU =========",
    "state": "filler"
  },
  {
    "name": "",
    "state": "filler"
  },
  {
    "name": "UV Level",
    "offset": "36"
  },
  {
    "name": "Volt Offset",
    "offset": "44",
    "ref": "/switch/.packages/SC Wizard/Configure/GPU/json/commonGpuVoltOffset.json"
  },
  {
    "name": "Vmin",
    "offset": "48",
    "ref": "/switch/.packages/SC Wizard/Configure/GPU/json/eristaGpuVmin.json"
  },
  {
    "name": "",
    "state": "filler"
  },
  {
    "name": "========= RAM =========",
    "state": "filler"
  },
  {
    "name": "",
    "state": "filler"
  },
  {
    "name": "Clock Max",
    "offset": "76",
    "extent": " MHz"
  },
  {
    "name": "EMC Vdd2",
    "offset": "68",
    "ref": "/switch/.packages/SC Wizard/Configure/RAM/json/eristaEmcMemVolt.json"
  },
  {
    "name": "EMC DVB Shift",
    "offset": "84",
    "ref": "/switch/.packages/SC Wizard/Configure/RAM/json/eristaEmcDvbShift.json"
  },
  {
    "name": "DRAM Timing",
    "offset": "64",
    "ref": "/switch/.packages/SC Wizard/Configure/RAM/json/mtcConf.json"
  },
  {
    "name": "Timings",
    "offset": "88,92,96,100,104,108,112,116"
  }
]