[
  {
    "name": "Auto",
    "dec": "0"
  },
  {
    "name": "480 mV",
    "dec": "480"
  },
  {
    "name": "485 mV",
    "dec": "485"
  },
  {
    "name": "490 mV",
    "dec": "490"
  },
  {
    "name": "495 mV",
    "dec": "495"
  },
  {
    "name": "500 mV",
    "dec": "500"
  },
  {
    "name": "505 mV",
    "dec": "505"
  },
  {
    "name": "510 mV",
    "dec": "510"
  },
  {
    "name": "515 mV",
    "dec": "515"
  },
  {
    "name": "520 mV",
    "dec": "520"
  },
  {
    "name": "525 mV",
    "dec": "525"
  },
  {
    "name": "530 mV",
    "dec": "530"
  },
  {
    "name": "535 mV",
    "dec": "535"
  },
  {
    "name": "540 mV",
    "dec": "540"
  },
  {
    "name": "545 mV",
    "dec": "545"
  },
  {
    "name": "550 mV",
    "dec": "550"
  },
  {
    "name": "560 mV",
    "dec": "560"
  },
  {
    "name": "570 mV",
    "dec": "570"
  },
  {
    "name": "580 mV",
    "dec": "580"
  },
  {
    "name": "590 mV",
    "dec": "590"
  },
  {
    "name": "600 mV",
    "dec": "600"
  },
  {
    "name": "610 mV",
    "dec": "610"
  },
  {
    "name": "620 mV",
    "dec": "620"
  },
  {
    "name": "630 mV",
    "dec": "630"
  },
  {
    "name": "640 mV",
    "dec": "640"
  },
  {
    "name": "650 mV",
    "dec": "650"
  },
  {
    "name": "660 mV",
    "dec": "660"
  },
  {
    "name": "670 mV",
    "dec": "670"
  },
  {
    "name": "680 mV",
    "dec": "680"
  },
  {
    "name": "690 mV",
    "dec": "690"
  },
  {
    "name": "700 mV",
    "dec": "700"
  },
  {
    "name": "705 mV",
    "dec": "705"
  },
  {
    "name": "710 mV",
    "dec": "710"
  },
  {
    "name": "715 mV",
    "dec": "715"
  },
  {
    "name": "720 mV",
    "dec": "720"
  },
  {
    "name": "725 mV",
    "dec": "725"
  },
  {
    "name": "730 mV",
    "dec": "730"
  },
  {
    "name": "735 mV",
    "dec": "735"
  },
  {
    "name": "740 mV",
    "dec": "740"
  },
  {
    "name": "745 mV",
    "dec": "745"
  },
  {
    "name": "750 mV",
    "dec": "750"
  },
  {
    "name": "755 mV",
    "dec": "755"
  },
  {
    "name": "760 mV",
    "dec": "760"
  },
  {
    "name": "765 mV",
    "dec": "765"
  },
  {
    "name": "770 mV",
    "dec": "770"
  },
  {
    "name": "775 mV",
    "dec": "775"
  },
  {
    "name": "780 mV",
    "dec": "780"
  },
  {
    "name": "785 mV",
    "dec": "785"
  },
  {
    "name": "790 mV",
    "dec": "790"
  },
  {
    "name": "795 mV",
    "dec": "795"
  },
  {
    "name": "800 mV",
    "dec": "800"
  },
  {
    "name": "805 mV - Unsafe",
    "dec": "805"
  },
  {
    "name": "810 mV - Unsafe",
    "dec": "810"
  },
  {
    "name": "815 mV - Unsafe",
    "dec": "815"
  },
  {
    "name": "820 mV - Unsafe",
    "dec": "820"
  },
  {
    "name": "825 mV - Unsafe",
    "dec": "825"
  },
  {
    "name": "830 mV - Unsafe",
    "dec": "830"
  },
  {
    "name": "835 mV - Unsafe",
    "dec": "835"
  },
  {
    "name": "840 mV - Unsafe",
    "dec": "840"
  },
  {
    "name": "845 mV - Unsafe",
    "dec": "845"
  },
  {
    "name": "850 mV - Unsafe",
    "dec": "850"
  },
  {
    "name": "855 mV - Dangerous",
    "dec": "855"
  },
  {
    "name": "860 mV - Dangerous",
    "dec": "860"
  },
  {
    "name": "865 mV - Dangerous",
    "dec": "865"
  },
  {
    "name": "870 mV - Dangerous",
    "dec": "870"
  },
  {
    "name": "875 mV - Dangerous",
    "dec": "875"
  },
  {
    "name": "880 mV - Dangerous",
    "dec": "880"
  },
  {
    "name": "885 mV - Dangerous",
    "dec": "885"
  },
  {
    "name": "890 mV - Dangerous",
    "dec": "890"
  },
  {
    "name": "895 mV - Dangerous",
    "dec": "895"
  },
  {
    "name": "900 mV - Dangerous",
    "dec": "900"
  },
  {
    "name": "905 mV - Dangerous",
    "dec": "905"
  },
  {
    "name": "910 mV - Dangerous",
    "dec": "910"
  },
  {
    "name": "915 mV - Dangerous",
    "dec": "915"
  },
  {
    "name": "920 mV - Dangerous",
    "dec": "920"
  },
  {
    "name": "925 mV - Dangerous",
    "dec": "925"
  },
  {
    "name": "930 mV - Dangerous",
    "dec": "930"
  },
  {
    "name": "935 mV - Dangerous",
    "dec": "935"
  },
  {
    "name": "940 mV - Dangerous",
    "dec": "940"
  },
  {
    "name": "945 mV - Dangerous",
    "dec": "945"
  },
  {
    "name": "950 mV - Dangerous",
    "dec": "950"
  },
  {
    "name": "955 mV - Dangerous",
    "dec": "955"
  },
  {
    "name": "960 mV - Dangerous",
    "dec": "960"
  }
]