[
  {
    "name": "900 mV",
    "dec": "900"
  },
  {
    "name": "925 mV",
    "dec": "925"
  },
  {
    "name": "950 mV",
    "dec": "950"
  },
  {
    "name": "975 mV",
    "dec": "975"
  },
  {
    "name": "1000 mV",
    "dec": "1000"
  },
  {
    "name": "1025 mV",
    "dec": "1025"
  },
  {
    "name": "1050 mV",
    "dec": "1050"
  },
  {
    "name": "1075 mV",
    "dec": "1075"
  },
  {
    "name": "1100 mV",
    "dec": "1110"
  },
  {
    "name": "1105 mV",
    "dec": "1105"
  },
  {
    "name": "1110 mV",
    "dec": "1110"
  },
  {
    "name": "1115 mV",
    "dec": "1115"
  },
  {
    "name": "1120 mV - Default",
    "dec": "1120"
  },
  {
    "name": "1125 mV",
    "dec": "1125"
  },
  {
    "name": "1130 mV",
    "dec": "1130"
  },
  {
    "name": "1135 mV",
    "dec": "1135"
  },
  {
    "name": "1140 mV",
    "dec": "1140"
  },
  {
    "name": "1145 mV",
    "dec": "1145"
  },
  {
    "name": "1150 mV",
    "dec": "1150"
  },
  {
    "name": "1155 mV",
    "dec": "1155"
  },
  {
    "name": "1160 mV",
    "dec": "1160"
  },
  {
    "name": "1165 mV",
    "dec": "1165"
  },
  {
    "name": "1170 mV",
    "dec": "1170"
  },
  {
    "name": "1175 mV",
    "dec": "1175"
  },
  {
    "name": "1180 mV",
    "dec": "1180"
  },
  {
    "name": "1185 mV",
    "dec": "1185"
  },
  {
    "name": "1190 mV",
    "dec": "1190"
  },
  {
    "name": "1195 mV",
    "dec": "1195"
  },
  {
    "name": "1200 mV",
    "dec": "1200"
  },
  {
    "name": "1205 mV",
    "dec": "1205"
  },
  {
    "name": "1210 mV",
    "dec": "1210"
  },
  {
    "name": "1215 mV",
    "dec": "1215"
  },
  {
    "name": "1220 mV",
    "dec": "1220"
  },
  {
    "name": "1225 mV",
    "dec": "1225"
  },
  {
    "name": "1230 mV",
    "dec": "1230"
  },
  {
    "name": "1235 mV",
    "dec": "1235"
  }
]